{
  "allocator_version": "v2",
  "dir_deg": 90.0,
  "fxy_n": 3000.0,
  "mz_nm_cmd": 2000.0,
  "duration_s": 6.0,
  "yaw_hold_deg": 0.0,
  "yaw_track_coupling_mean_abs_deg": 90.0,
  "final": {
    "x_m": 5.763087279635531e-15,
    "y_m": 47.418895921281376,
    "vx_mps": 1.9127405540837155e-15,
    "vy_mps": 15.738100233013625,
    "alpha_deg_rms": 24.206145913796355,
    "ft_tan_rms": 25.0,
    "mz_est_nm": 2000.0
  }
}
